slot,input_excel_row,template_label_cell,original_label,corrected_label
1,2,A2,0:10-0:20,00:00-00:10
2,3,A3,0:20-0:30,00:10-00:20
3,4,A4,0:30-0:40,00:20-00:30
4,5,A5,0:40-0:50,00:30-00:40
5,6,A6,0:50-1:00,00:40-00:50
6,7,A7,1:00-1:10,00:50-01:00
7,8,A8,1:10-1:20,01:00-01:10
8,9,A9,1:20-1:30,01:10-01:20
9,10,A10,1:30-1:40,01:20-01:30
10,11,A11,1:40-1:50,01:30-01:40
11,12,A12,1:50-2:00,01:40-01:50
12,13,A13,2:00-2:10,01:50-02:00
13,14,A14,2:10-2:20,02:00-02:10
14,15,A15,2:20-2:30,02:10-02:20
15,16,A16,2:30-2:40,02:20-02:30
16,17,A17,2:40-2:50,02:30-02:40
17,18,A18,2:50-3:00,02:40-02:50
18,19,A19,3:00-3:10,02:50-03:00
19,20,A20,3:10-3:20,03:00-03:10
20,21,A21,3:20-3:30,03:10-03:20
21,22,A22,3:30-3:40,03:20-03:30
22,23,A23,3:40-3:50,03:30-03:40
23,24,A24,3:50-4:00,03:40-03:50
24,25,A25,4:00-4:10,03:50-04:00
25,26,A26,4:10-4:20,04:00-04:10
26,27,A27,4:20-4:30,04:10-04:20
27,28,A28,4:30-4:40,04:20-04:30
28,29,A29,4:40-4:50,04:30-04:40
29,30,A30,4:50-5:00,04:40-04:50
30,31,A31,5:00-5:10,04:50-05:00
31,32,A32,5:10-5:20,05:00-05:10
32,33,A33,5:20-5:30,05:10-05:20
33,34,A34,5:30-5:40,05:20-05:30
34,35,A35,5:40-5:50,05:30-05:40
35,36,A36,5:50-6:00,05:40-05:50
36,37,A37,6:00-6:10,05:50-06:00
37,38,A38,6:10-6:20,06:00-06:10
38,39,A39,6:20-6:30,06:10-06:20
39,40,A40,6:30-6:40,06:20-06:30
40,41,A41,6:40-6:50,06:30-06:40
41,42,A42,6:50-7:00,06:40-06:50
42,43,A43,7:00-7:10,06:50-07:00
43,44,A44,7:10-7:20,07:00-07:10
44,45,A45,7:20-7:30,07:10-07:20
45,46,A46,7:30-7:40,07:20-07:30
46,47,A47,7:40-7:50,07:30-07:40
47,48,A48,7:50-8:00,07:40-07:50
48,49,A49,8:00-8:10,07:50-08:00
49,50,A50,8:10-8:20,08:00-08:10
50,51,A51,8:20-8:30,08:10-08:20
51,52,A52,8:30-8:40,08:20-08:30
52,53,A53,8:40-8:50,08:30-08:40
53,54,A54,8:50-9:00,08:40-08:50
54,55,A55,9:00-9:10,08:50-09:00
55,56,A56,9:10-9:20,09:00-09:10
56,57,A57,9:20-9:30,09:10-09:20
57,58,A58,9:30-9:40,09:20-09:30
58,59,A59,9:40-9:50,09:30-09:40
59,60,A60,9:50-10:00,09:40-09:50
60,61,A61,10:00-10:10,09:50-10:00
61,62,A62,10:10-10:20,10:00-10:10
62,63,A63,10:20-10:30,10:10-10:20
63,64,A64,10:30-10:40,10:20-10:30
64,65,A65,10:40-10:50,10:30-10:40
65,66,A66,10:50-11:00,10:40-10:50
66,67,A67,11:00-11:10,10:50-11:00
67,68,A68,11:10-11:20,11:00-11:10
68,69,A69,11:20-11:30,11:10-11:20
69,70,A70,11:30-11:40,11:20-11:30
70,71,A71,11:40-11:50,11:30-11:40
71,72,A72,11:50-12:00,11:40-11:50
72,73,A73,12:00-12:10,11:50-12:00
73,74,A74,12:10-12:20,12:00-12:10
74,75,A75,12:20-12:30,12:10-12:20
75,76,A76,12:30-12:40,12:20-12:30
76,77,A77,12:40-12:50,12:30-12:40
77,78,A78,12:50-13:00,12:40-12:50
78,79,A79,13:00-13:10,12:50-13:00
79,80,A80,13:10-13:20,13:00-13:10
80,81,A81,13:20-13:30,13:10-13:20
81,82,A82,13:30-13:40,13:20-13:30
82,83,A83,13:40-13:50,13:30-13:40
83,84,A84,13:50-14:00,13:40-13:50
84,85,A85,14:00-14:10,13:50-14:00
85,86,A86,14:10-14:20,14:00-14:10
86,87,A87,14:20-14:30,14:10-14:20
87,88,A88,14:30-14:40,14:20-14:30
88,89,A89,14:40-14:50,14:30-14:40
89,90,A90,14:50-15:00,14:40-14:50
90,91,A91,15:00-15:10,14:50-15:00
91,92,A92,15:10-15:20,15:00-15:10
92,93,A93,15:20-15:30,15:10-15:20
93,94,A94,15:30-15:40,15:20-15:30
94,95,A95,15:40-15:50,15:30-15:40
95,96,A96,15:50-16:00,15:40-15:50
96,97,A97,16:00-16:10,15:50-16:00
97,98,A98,16:10-16:20,16:00-16:10
98,99,A99,16:20-16:30,16:10-16:20
99,100,A100,16:30-16:40,16:20-16:30
100,101,A101,16:40-16:50,16:30-16:40
101,102,A102,16:50-17:00,16:40-16:50
102,103,A103,17:00-17:10,16:50-17:00
103,104,A104,17:10-17:20,17:00-17:10
104,105,A105,17:20-17:30,17:10-17:20
105,106,A106,17:30-17:40,17:20-17:30
106,107,A107,17:40-17:50,17:30-17:40
107,108,A108,17:50-18:00,17:40-17:50
108,109,A109,18:00-18:10,17:50-18:00
109,110,A110,18:10-18:20,18:00-18:10
110,111,A111,18:20-18:30,18:10-18:20
111,112,A112,18:30-18:40,18:20-18:30
112,113,A113,18:40-18:50,18:30-18:40
113,114,A114,18:50-19:00,18:40-18:50
114,115,A115,19:00-19:10,18:50-19:00
115,116,A116,19:10-19:20,19:00-19:10
116,117,A117,19:20-19:30,19:10-19:20
117,118,A118,19:30-19:40,19:20-19:30
118,119,A119,19:40-19:50,19:30-19:40
119,120,A120,19:50-20:00,19:40-19:50
120,121,A121,20:00-20:10,19:50-20:00
121,122,A122,20:10-20:20,20:00-20:10
122,123,A123,20:20-20:30,20:10-20:20
123,124,A124,20:30-20:40,20:20-20:30
124,125,A125,20:40-20:50,20:30-20:40
125,126,A126,20:50-21:00,20:40-20:50
126,127,A127,21:00-21:10,20:50-21:00
127,128,A128,21:10-21:20,21:00-21:10
128,129,A129,21:20-21:30,21:10-21:20
129,130,A130,21:30-21:40,21:20-21:30
130,131,A131,21:40-21:50,21:30-21:40
131,132,A132,21:50-22:00,21:40-21:50
132,133,A133,22:00-22:10,21:50-22:00
133,134,A134,22:10-22:20,22:00-22:10
134,135,A135,22:20-22:30,22:10-22:20
135,136,A136,22:30-22:40,22:20-22:30
136,137,A137,22:40-22:50,22:30-22:40
137,138,A138,22:50-23:00,22:40-22:50
138,139,A139,23:00-23:10,22:50-23:00
139,140,A140,23:10-23:20,23:00-23:10
140,141,A141,23:20-23:30,23:10-23:20
141,142,A142,23:30-23:40,23:20-23:30
142,143,A143,23:40-23:50,23:30-23:40
143,144,A144,23:50-0:00+1,23:40-23:50
144,145,A145,0:00+1-0:10+1,23:50-24:00
